Image,Class,Mean,Std,Max,Energy,Density
unnamed (1)_selected.png,Degree I,0.0020372550934553146,0.01769445091485977,0.48235294222831726,28.551958084106445,0.0018777777777777777
unnamed (2)_selected.png,Degree I,0.0024762528482824564,0.021202199161052704,0.3294117748737335,41.00986099243164,0.004233333333333334
unnamed (3)_selected.png,Degree I,0.0036486273165792227,0.031736891716718674,0.6000000238418579,91.84886169433594,0.006533333333333334
unnamed (4)_selected.png,Degree I,0.0023856209591031075,0.021699417382478714,0.4901960790157318,42.89002990722656,0.0037222222222222223
unnamed (5)_selected.png,Degree I,0.0023684531915932894,0.023512016981840134,0.615686297416687,50.258209228515625,0.0031777777777777776
unnamed (6)_selected.png,Degree I,0.003065838711336255,0.026883840560913086,0.615686297416687,65.89260864257812,0.005033333333333333
unnamed (7)_selected.png,Degree I,0.0,0.0,0.0,0.0,0.0
unnamed (8)_selected.png,Degree I,0.0019919390324503183,0.017057526856660843,0.48235294222831726,26.543437957763672,0.0013666666666666666
unnamed (9)_selected.png,Degree I,0.0037112419959157705,0.0335896797478199,0.6274510025978088,102.78359985351562,0.006388888888888889
