Image_Path,Image_Name
d:\Skin\skin\img0.jpg,img0.jpg
d:\Skin\skin\img1.jpg,img1.jpg
d:\Skin\skin\img10.jpg,img10.jpg
d:\Skin\skin\img100.jpg,img100.jpg
d:\Skin\skin\img1001.jpg,img1001.jpg
d:\Skin\skin\img1002.jpg,img1002.jpg
d:\Skin\skin\img1004.jpg,img1004.jpg
d:\Skin\skin\img1005.jpg,img1005.jpg
d:\Skin\skin\img1007.jpg,img1007.jpg
d:\Skin\skin\img1009.jpg,img1009.jpg
d:\Skin\skin\img101.jpg,img101.jpg
d:\Skin\skin\img1010.jpg,img1010.jpg
d:\Skin\skin\img1011.jpg,img1011.jpg
d:\Skin\skin\img1013.jpg,img1013.jpg
d:\Skin\skin\img1014.jpg,img1014.jpg
d:\Skin\skin\img1016.jpg,img1016.jpg
d:\Skin\skin\img1019.jpg,img1019.jpg
d:\Skin\skin\img102.jpg,img102.jpg
d:\Skin\skin\img1021.jpg,img1021.jpg
d:\Skin\skin\img1023.jpg,img1023.jpg
d:\Skin\skin\img1025.jpg,img1025.jpg
d:\Skin\skin\img1026.jpg,img1026.jpg
d:\Skin\skin\img1027.jpg,img1027.jpg
d:\Skin\skin\img1028.jpg,img1028.jpg
d:\Skin\skin\img1029.jpg,img1029.jpg
d:\Skin\skin\img103.jpg,img103.jpg
d:\Skin\skin\img1031.jpg,img1031.jpg
d:\Skin\skin\img1032.jpg,img1032.jpg
d:\Skin\skin\img1033.jpg,img1033.jpg
d:\Skin\skin\img1035.jpg,img1035.jpg
d:\Skin\skin\img104.jpg,img104.jpg
d:\Skin\skin\img1040.jpg,img1040.jpg
d:\Skin\skin\img1041.jpg,img1041.jpg
d:\Skin\skin\img1042.jpg,img1042.jpg
d:\Skin\skin\img1043.jpg,img1043.jpg
d:\Skin\skin\img1044.jpg,img1044.jpg
d:\Skin\skin\img1045.jpg,img1045.jpg
d:\Skin\skin\img1048.jpg,img1048.jpg
d:\Skin\skin\img105.jpg,img105.jpg
d:\Skin\skin\img1050.jpg,img1050.jpg
d:\Skin\skin\img1051.jpg,img1051.jpg
d:\Skin\skin\img1054.jpg,img1054.jpg
d:\Skin\skin\img1055.jpg,img1055.jpg
d:\Skin\skin\img1056.jpg,img1056.jpg
d:\Skin\skin\img1058.jpg,img1058.jpg
d:\Skin\skin\img106.jpg,img106.jpg
d:\Skin\skin\img1060.jpg,img1060.jpg
d:\Skin\skin\img1062.jpg,img1062.jpg
d:\Skin\skin\img1063.jpg,img1063.jpg
d:\Skin\skin\img1064.jpg,img1064.jpg
d:\Skin\skin\img1065.jpg,img1065.jpg
d:\Skin\skin\img1067.jpg,img1067.jpg
d:\Skin\skin\img1068.jpg,img1068.jpg
d:\Skin\skin\img1069.jpg,img1069.jpg
d:\Skin\skin\img107.jpg,img107.jpg
d:\Skin\skin\img1070.jpg,img1070.jpg
d:\Skin\skin\img1072.jpg,img1072.jpg
d:\Skin\skin\img1074.jpg,img1074.jpg
d:\Skin\skin\img1075.jpg,img1075.jpg
d:\Skin\skin\img1076.jpg,img1076.jpg
d:\Skin\skin\img1078.jpg,img1078.jpg
d:\Skin\skin\img108.jpg,img108.jpg
d:\Skin\skin\img1081.jpg,img1081.jpg
d:\Skin\skin\img1085.jpg,img1085.jpg
d:\Skin\skin\img1086.jpg,img1086.jpg
d:\Skin\skin\img1087.jpg,img1087.jpg
d:\Skin\skin\img109.jpg,img109.jpg
d:\Skin\skin\img1090.jpg,img1090.jpg
d:\Skin\skin\img1091.jpg,img1091.jpg
d:\Skin\skin\img1092.jpg,img1092.jpg
d:\Skin\skin\img1093.jpg,img1093.jpg
d:\Skin\skin\img1096.jpg,img1096.jpg
d:\Skin\skin\img1097.jpg,img1097.jpg
d:\Skin\skin\img1099.jpg,img1099.jpg
d:\Skin\skin\img11.jpg,img11.jpg
d:\Skin\skin\img110.jpg,img110.jpg
d:\Skin\skin\img1100.jpg,img1100.jpg
d:\Skin\skin\img1101.jpg,img1101.jpg
d:\Skin\skin\img1103.jpg,img1103.jpg
d:\Skin\skin\img1104.jpg,img1104.jpg
d:\Skin\skin\img1105.jpg,img1105.jpg
d:\Skin\skin\img1106.jpg,img1106.jpg
d:\Skin\skin\img1107.jpg,img1107.jpg
d:\Skin\skin\img111.jpg,img111.jpg
d:\Skin\skin\img1110.jpg,img1110.jpg
d:\Skin\skin\img1111.jpg,img1111.jpg
d:\Skin\skin\img1114.jpg,img1114.jpg
d:\Skin\skin\img1115.jpg,img1115.jpg
d:\Skin\skin\img1117.jpg,img1117.jpg
d:\Skin\skin\img1118.jpg,img1118.jpg
d:\Skin\skin\img1119.jpg,img1119.jpg
d:\Skin\skin\img112.jpg,img112.jpg
d:\Skin\skin\img1120.jpg,img1120.jpg
d:\Skin\skin\img1123.jpg,img1123.jpg
d:\Skin\skin\img1124.jpg,img1124.jpg
d:\Skin\skin\img1125.jpg,img1125.jpg
d:\Skin\skin\img1126.jpg,img1126.jpg
d:\Skin\skin\img1127.jpg,img1127.jpg
d:\Skin\skin\img1128.jpg,img1128.jpg
d:\Skin\skin\img1129.jpg,img1129.jpg
d:\Skin\skin\img113.jpg,img113.jpg
d:\Skin\skin\img1130.jpg,img1130.jpg
d:\Skin\skin\img1131.jpg,img1131.jpg
d:\Skin\skin\img1132.jpeg,img1132.jpeg
d:\Skin\skin\img1133.jpg,img1133.jpg
d:\Skin\skin\img1134.jpg,img1134.jpg
d:\Skin\skin\img1136.jpg,img1136.jpg
d:\Skin\skin\img1137.jpg,img1137.jpg
d:\Skin\skin\img1138.jpg,img1138.jpg
d:\Skin\skin\img114.jpg,img114.jpg
d:\Skin\skin\img1140.jpg,img1140.jpg
d:\Skin\skin\img1141.jpg,img1141.jpg
d:\Skin\skin\img1143.jpg,img1143.jpg
d:\Skin\skin\img1145.jpg,img1145.jpg
d:\Skin\skin\img1147.jpg,img1147.jpg
d:\Skin\skin\img1149.jpg,img1149.jpg
d:\Skin\skin\img115.jpg,img115.jpg
d:\Skin\skin\img1151.jpg,img1151.jpg
d:\Skin\skin\img1152.jpg,img1152.jpg
d:\Skin\skin\img1154.jpg,img1154.jpg
d:\Skin\skin\img1156.jpg,img1156.jpg
d:\Skin\skin\img1157.jpg,img1157.jpg
d:\Skin\skin\img1158.jpg,img1158.jpg
d:\Skin\skin\img1159.jpg,img1159.jpg
d:\Skin\skin\img116.jpg,img116.jpg
d:\Skin\skin\img1160.jpg,img1160.jpg
d:\Skin\skin\img1161.jpg,img1161.jpg
d:\Skin\skin\img1163.jpg,img1163.jpg
d:\Skin\skin\img1165.jpg,img1165.jpg
d:\Skin\skin\img1166.jpg,img1166.jpg
d:\Skin\skin\img1167.jpg,img1167.jpg
d:\Skin\skin\img1169.jpg,img1169.jpg
d:\Skin\skin\img117.jpg,img117.jpg
d:\Skin\skin\img1170.jpg,img1170.jpg
d:\Skin\skin\img1171.jpg,img1171.jpg
d:\Skin\skin\img1172.jpg,img1172.jpg
d:\Skin\skin\img1173.jpg,img1173.jpg
d:\Skin\skin\img1174.jpg,img1174.jpg
d:\Skin\skin\img1175.jpg,img1175.jpg
d:\Skin\skin\img1176.jpg,img1176.jpg
d:\Skin\skin\img1178.jpg,img1178.jpg
d:\Skin\skin\img1179.jpg,img1179.jpg
d:\Skin\skin\img118.jpg,img118.jpg
d:\Skin\skin\img1180.jpg,img1180.jpg
d:\Skin\skin\img1181.jpg,img1181.jpg
d:\Skin\skin\img1182.jpg,img1182.jpg
d:\Skin\skin\img1183.jpg,img1183.jpg
d:\Skin\skin\img1185.jpg,img1185.jpg
d:\Skin\skin\img1186.jpg,img1186.jpg
d:\Skin\skin\img1187.jpg,img1187.jpg
d:\Skin\skin\img1188.jpg,img1188.jpg
d:\Skin\skin\img1189.jpg,img1189.jpg
d:\Skin\skin\img119.jpg,img119.jpg
d:\Skin\skin\img1192.jpg,img1192.jpg
d:\Skin\skin\img1193.jpg,img1193.jpg
d:\Skin\skin\img1194.jpg,img1194.jpg
d:\Skin\skin\img1195.jpg,img1195.jpg
d:\Skin\skin\img1196.jpg,img1196.jpg
d:\Skin\skin\img1198.jpg,img1198.jpg
d:\Skin\skin\img12.jpg,img12.jpg
d:\Skin\skin\img120.jpg,img120.jpg
d:\Skin\skin\img1200.jpg,img1200.jpg
d:\Skin\skin\img1201.jpg,img1201.jpg
d:\Skin\skin\img1202.jpg,img1202.jpg
d:\Skin\skin\img1205.jpg,img1205.jpg
d:\Skin\skin\img1207.jpg,img1207.jpg
d:\Skin\skin\img1209.jpg,img1209.jpg
d:\Skin\skin\img121.jpg,img121.jpg
d:\Skin\skin\img1210.jpg,img1210.jpg
d:\Skin\skin\img1211.jpg,img1211.jpg
d:\Skin\skin\img1212.jpg,img1212.jpg
d:\Skin\skin\img1213.jpg,img1213.jpg
d:\Skin\skin\img1214.jpg,img1214.jpg
d:\Skin\skin\img1215.jpg,img1215.jpg
d:\Skin\skin\img1216.jpg,img1216.jpg
d:\Skin\skin\img1217.jpg,img1217.jpg
d:\Skin\skin\img1219.jpg,img1219.jpg
d:\Skin\skin\img122.jpg,img122.jpg
d:\Skin\skin\img1220.jpg,img1220.jpg
d:\Skin\skin\img1221.jpg,img1221.jpg
d:\Skin\skin\img1222.jpg,img1222.jpg
d:\Skin\skin\img1224.jpg,img1224.jpg
d:\Skin\skin\img1225.jpg,img1225.jpg
d:\Skin\skin\img1227.jpg,img1227.jpg
d:\Skin\skin\img1228.jpg,img1228.jpg
d:\Skin\skin\img123.jpg,img123.jpg
d:\Skin\skin\img1230.jpg,img1230.jpg
d:\Skin\skin\img1231.jpg,img1231.jpg
d:\Skin\skin\img1232.jpg,img1232.jpg
d:\Skin\skin\img1233.jpg,img1233.jpg
d:\Skin\skin\img1234.jpg,img1234.jpg
d:\Skin\skin\img1236.jpg,img1236.jpg
d:\Skin\skin\img1237.jpg,img1237.jpg
d:\Skin\skin\img1238.jpg,img1238.jpg
d:\Skin\skin\img1239.jpg,img1239.jpg
d:\Skin\skin\img124.jpg,img124.jpg
d:\Skin\skin\img1240.jpg,img1240.jpg
d:\Skin\skin\img1241.jpg,img1241.jpg
d:\Skin\skin\img1242.jpg,img1242.jpg
d:\Skin\skin\img1243.jpg,img1243.jpg
d:\Skin\skin\img1244.jpg,img1244.jpg
d:\Skin\skin\img1245.jpg,img1245.jpg
d:\Skin\skin\img1246.jpg,img1246.jpg
d:\Skin\skin\img1249.jpg,img1249.jpg
d:\Skin\skin\img125.jpg,img125.jpg
d:\Skin\skin\img1250.jpg,img1250.jpg
d:\Skin\skin\img1251.jpg,img1251.jpg
d:\Skin\skin\img1253.jpg,img1253.jpg
d:\Skin\skin\img1254.jpg,img1254.jpg
d:\Skin\skin\img1256.jpg,img1256.jpg
d:\Skin\skin\img1257.jpg,img1257.jpg
d:\Skin\skin\img1258.jpg,img1258.jpg
d:\Skin\skin\img1259.jpg,img1259.jpg
d:\Skin\skin\img126.jpg,img126.jpg
d:\Skin\skin\img1260.jpg,img1260.jpg
d:\Skin\skin\img1261.jpg,img1261.jpg
d:\Skin\skin\img1262.jpg,img1262.jpg
d:\Skin\skin\img1263.jpg,img1263.jpg
d:\Skin\skin\img1266.jpg,img1266.jpg
d:\Skin\skin\img1267.jpg,img1267.jpg
d:\Skin\skin\img1269.jpg,img1269.jpg
d:\Skin\skin\img127.jpg,img127.jpg
d:\Skin\skin\img1271.jpg,img1271.jpg
d:\Skin\skin\img1272.jpg,img1272.jpg
d:\Skin\skin\img1274.jpg,img1274.jpg
d:\Skin\skin\img1276.jpg,img1276.jpg
d:\Skin\skin\img1278.jpg,img1278.jpg
d:\Skin\skin\img128.jpg,img128.jpg
d:\Skin\skin\img1280.jpg,img1280.jpg
d:\Skin\skin\img1281.jpg,img1281.jpg
d:\Skin\skin\img1282.jpg,img1282.jpg
d:\Skin\skin\img1283.jpg,img1283.jpg
d:\Skin\skin\img1284.jpg,img1284.jpg
d:\Skin\skin\img1285.jpg,img1285.jpg
d:\Skin\skin\img1286.jpg,img1286.jpg
d:\Skin\skin\img1287.jpg,img1287.jpg
d:\Skin\skin\img1288.jpg,img1288.jpg
d:\Skin\skin\img129.jpg,img129.jpg
d:\Skin\skin\img1290.jpg,img1290.jpg
d:\Skin\skin\img1291.jpg,img1291.jpg
d:\Skin\skin\img1292.jpg,img1292.jpg
d:\Skin\skin\img1293.jpg,img1293.jpg
d:\Skin\skin\img1297.jpg,img1297.jpg
d:\Skin\skin\img1298.jpg,img1298.jpg
d:\Skin\skin\img13.jpg,img13.jpg
d:\Skin\skin\img130.jpg,img130.jpg
d:\Skin\skin\img1301.jpg,img1301.jpg
d:\Skin\skin\img1302.jpg,img1302.jpg
d:\Skin\skin\img1304.jpg,img1304.jpg
d:\Skin\skin\img1305.jpg,img1305.jpg
d:\Skin\skin\img1306.jpg,img1306.jpg
d:\Skin\skin\img1307.jpg,img1307.jpg
d:\Skin\skin\img1308.jpg,img1308.jpg
d:\Skin\skin\img131.jpg,img131.jpg
d:\Skin\skin\img1310.jpg,img1310.jpg
d:\Skin\skin\img1312.jpg,img1312.jpg
d:\Skin\skin\img1313.jpg,img1313.jpg
d:\Skin\skin\img1314.jpg,img1314.jpg
d:\Skin\skin\img1315.jpg,img1315.jpg
d:\Skin\skin\img1316.jpg,img1316.jpg
d:\Skin\skin\img1317.jpg,img1317.jpg
d:\Skin\skin\img1318.jpg,img1318.jpg
d:\Skin\skin\img132.jpg,img132.jpg
d:\Skin\skin\img1320.jpg,img1320.jpg
d:\Skin\skin\img1321.jpg,img1321.jpg
d:\Skin\skin\img1322.jpg,img1322.jpg
d:\Skin\skin\img1323.jpg,img1323.jpg
d:\Skin\skin\img1324.jpg,img1324.jpg
d:\Skin\skin\img1327.jpg,img1327.jpg
d:\Skin\skin\img133.jpg,img133.jpg
d:\Skin\skin\img1330.jpg,img1330.jpg
d:\Skin\skin\img1331.jpg,img1331.jpg
d:\Skin\skin\img1332.jpg,img1332.jpg
d:\Skin\skin\img1335.jpg,img1335.jpg
d:\Skin\skin\img1336.jpg,img1336.jpg
d:\Skin\skin\img1337.jpg,img1337.jpg
d:\Skin\skin\img1338.jpg,img1338.jpg
d:\Skin\skin\img134.jpg,img134.jpg
d:\Skin\skin\img1342.jpg,img1342.jpg
d:\Skin\skin\img1343.jpg,img1343.jpg
d:\Skin\skin\img1344.jpg,img1344.jpg
d:\Skin\skin\img1345.jpg,img1345.jpg
d:\Skin\skin\img1346.jpg,img1346.jpg
d:\Skin\skin\img1347.jpg,img1347.jpg
d:\Skin\skin\img135.jpg,img135.jpg
d:\Skin\skin\img1350.jpg,img1350.jpg
d:\Skin\skin\img1351.jpg,img1351.jpg
d:\Skin\skin\img1352.jpg,img1352.jpg
d:\Skin\skin\img1353.jpg,img1353.jpg
d:\Skin\skin\img1358.jpg,img1358.jpg
d:\Skin\skin\img1359.jpg,img1359.jpg
d:\Skin\skin\img136.jpg,img136.jpg
d:\Skin\skin\img1362.jpg,img1362.jpg
d:\Skin\skin\img1363.jpg,img1363.jpg
d:\Skin\skin\img1364.jpg,img1364.jpg
d:\Skin\skin\img1365.jpg,img1365.jpg
d:\Skin\skin\img1366.jpg,img1366.jpg
d:\Skin\skin\img1367.jpg,img1367.jpg
d:\Skin\skin\img1368.jpg,img1368.jpg
d:\Skin\skin\img1369.jpg,img1369.jpg
d:\Skin\skin\img137.jpg,img137.jpg
d:\Skin\skin\img1370.jpg,img1370.jpg
d:\Skin\skin\img1371.jpg,img1371.jpg
d:\Skin\skin\img1372.jpg,img1372.jpg
d:\Skin\skin\img1373.jpg,img1373.jpg
d:\Skin\skin\img1375.jpg,img1375.jpg
d:\Skin\skin\img1376.jpg,img1376.jpg
d:\Skin\skin\img1378.jpg,img1378.jpg
d:\Skin\skin\img1379.jpg,img1379.jpg
d:\Skin\skin\img138.jpg,img138.jpg
d:\Skin\skin\img1380.jpg,img1380.jpg
d:\Skin\skin\img1381.jpg,img1381.jpg
d:\Skin\skin\img1382.jpg,img1382.jpg
d:\Skin\skin\img1383.jpg,img1383.jpg
d:\Skin\skin\img1384.jpg,img1384.jpg
d:\Skin\skin\img1385.jpg,img1385.jpg
d:\Skin\skin\img1387.jpg,img1387.jpg
d:\Skin\skin\img1388.jpg,img1388.jpg
d:\Skin\skin\img1389.jpg,img1389.jpg
d:\Skin\skin\img139.jpg,img139.jpg
d:\Skin\skin\img1391.jpg,img1391.jpg
d:\Skin\skin\img1392.jpg,img1392.jpg
d:\Skin\skin\img1393.jpg,img1393.jpg
d:\Skin\skin\img1394.jpg,img1394.jpg
d:\Skin\skin\img1395.jpg,img1395.jpg
d:\Skin\skin\img1396.jpg,img1396.jpg
d:\Skin\skin\img1398.jpg,img1398.jpg
d:\Skin\skin\img14.jpg,img14.jpg
d:\Skin\skin\img140.jpg,img140.jpg
d:\Skin\skin\img1400.jpg,img1400.jpg
d:\Skin\skin\img1401.jpg,img1401.jpg
d:\Skin\skin\img1402.jpg,img1402.jpg
d:\Skin\skin\img1403.jpg,img1403.jpg
d:\Skin\skin\img1404.jpg,img1404.jpg
d:\Skin\skin\img1405.jpg,img1405.jpg
d:\Skin\skin\img1406.jpg,img1406.jpg
d:\Skin\skin\img1407.jpg,img1407.jpg
d:\Skin\skin\img1408.jpg,img1408.jpg
d:\Skin\skin\img141.jpg,img141.jpg
d:\Skin\skin\img1410.jpg,img1410.jpg
d:\Skin\skin\img1411.jpg,img1411.jpg
d:\Skin\skin\img1413.jpg,img1413.jpg
d:\Skin\skin\img1414.jpg,img1414.jpg
d:\Skin\skin\img1415.jpg,img1415.jpg
d:\Skin\skin\img1416.jpg,img1416.jpg
d:\Skin\skin\img1417.jpg,img1417.jpg
d:\Skin\skin\img1418.jpg,img1418.jpg
d:\Skin\skin\img1419.jpg,img1419.jpg
d:\Skin\skin\img142.jpg,img142.jpg
d:\Skin\skin\img1421.jpg,img1421.jpg
d:\Skin\skin\img1422.jpg,img1422.jpg
d:\Skin\skin\img1423.jpg,img1423.jpg
d:\Skin\skin\img1424.jpeg,img1424.jpeg
d:\Skin\skin\img1426.jpg,img1426.jpg
d:\Skin\skin\img1427.jpg,img1427.jpg
d:\Skin\skin\img1428.jpg,img1428.jpg
d:\Skin\skin\img1429.jpg,img1429.jpg
d:\Skin\skin\img143.jpg,img143.jpg
d:\Skin\skin\img1431.jpg,img1431.jpg
d:\Skin\skin\img1433.jpg,img1433.jpg
d:\Skin\skin\img1434.jpg,img1434.jpg
d:\Skin\skin\img1435.jpg,img1435.jpg
d:\Skin\skin\img1436.jpg,img1436.jpg
d:\Skin\skin\img1437.jpg,img1437.jpg
d:\Skin\skin\img1439.jpg,img1439.jpg
d:\Skin\skin\img144.jpg,img144.jpg
d:\Skin\skin\img1440.jpg,img1440.jpg
d:\Skin\skin\img145.jpg,img145.jpg
d:\Skin\skin\img146.jpg,img146.jpg
d:\Skin\skin\img147.jpg,img147.jpg
d:\Skin\skin\img148.jpg,img148.jpg
d:\Skin\skin\img149.jpg,img149.jpg
d:\Skin\skin\img15.jpg,img15.jpg
d:\Skin\skin\img150.jpg,img150.jpg
d:\Skin\skin\img151.jpg,img151.jpg
d:\Skin\skin\img152.jpg,img152.jpg
d:\Skin\skin\img153.jpg,img153.jpg
d:\Skin\skin\img154.jpg,img154.jpg
d:\Skin\skin\img155.jpg,img155.jpg
d:\Skin\skin\img156.jpg,img156.jpg
d:\Skin\skin\img157.jpg,img157.jpg
d:\Skin\skin\img158.jpg,img158.jpg
d:\Skin\skin\img159.jpg,img159.jpg
d:\Skin\skin\img16.jpg,img16.jpg
d:\Skin\skin\img160.jpg,img160.jpg
d:\Skin\skin\img161.jpg,img161.jpg
d:\Skin\skin\img162.jpg,img162.jpg
d:\Skin\skin\img163.jpg,img163.jpg
d:\Skin\skin\img164.jpg,img164.jpg
d:\Skin\skin\img165.jpg,img165.jpg
d:\Skin\skin\img166.jpg,img166.jpg
d:\Skin\skin\img167.jpg,img167.jpg
d:\Skin\skin\img168.jpg,img168.jpg
d:\Skin\skin\img169.jpg,img169.jpg
d:\Skin\skin\img17.jpg,img17.jpg
d:\Skin\skin\img170.jpg,img170.jpg
d:\Skin\skin\img171.jpg,img171.jpg
d:\Skin\skin\img172.jpg,img172.jpg
d:\Skin\skin\img173.jpg,img173.jpg
d:\Skin\skin\img174.jpg,img174.jpg
d:\Skin\skin\img175.jpg,img175.jpg
d:\Skin\skin\img176.jpg,img176.jpg
d:\Skin\skin\img177.jpg,img177.jpg
d:\Skin\skin\img178.jpg,img178.jpg
d:\Skin\skin\img179.jpg,img179.jpg
d:\Skin\skin\img18.jpg,img18.jpg
d:\Skin\skin\img180.jpg,img180.jpg
d:\Skin\skin\img181.jpg,img181.jpg
d:\Skin\skin\img182.jpg,img182.jpg
d:\Skin\skin\img183.jpg,img183.jpg
d:\Skin\skin\img184.jpg,img184.jpg
d:\Skin\skin\img185.jpg,img185.jpg
d:\Skin\skin\img186.jpg,img186.jpg
d:\Skin\skin\img187.jpg,img187.jpg
d:\Skin\skin\img188.jpg,img188.jpg
d:\Skin\skin\img189.jpg,img189.jpg
d:\Skin\skin\img19.jpg,img19.jpg
d:\Skin\skin\img190.jpg,img190.jpg
d:\Skin\skin\img191.jpg,img191.jpg
d:\Skin\skin\img192.jpg,img192.jpg
d:\Skin\skin\img193.jpg,img193.jpg
d:\Skin\skin\img194.jpg,img194.jpg
d:\Skin\skin\img195.jpg,img195.jpg
d:\Skin\skin\img196.jpg,img196.jpg
d:\Skin\skin\img197.jpg,img197.jpg
d:\Skin\skin\img198.jpg,img198.jpg
d:\Skin\skin\img199.jpg,img199.jpg
d:\Skin\skin\img2.jpg,img2.jpg
d:\Skin\skin\img20.jpg,img20.jpg
d:\Skin\skin\img200.jpg,img200.jpg
d:\Skin\skin\img201.jpg,img201.jpg
d:\Skin\skin\img202.jpg,img202.jpg
d:\Skin\skin\img203.jpg,img203.jpg
d:\Skin\skin\img204.jpg,img204.jpg
d:\Skin\skin\img205.jpg,img205.jpg
d:\Skin\skin\img206.jpg,img206.jpg
d:\Skin\skin\img207.jpg,img207.jpg
d:\Skin\skin\img208.jpg,img208.jpg
d:\Skin\skin\img209.jpg,img209.jpg
d:\Skin\skin\img21.jpg,img21.jpg
d:\Skin\skin\img210.jpg,img210.jpg
d:\Skin\skin\img211.jpg,img211.jpg
d:\Skin\skin\img212.jpg,img212.jpg
d:\Skin\skin\img213.jpg,img213.jpg
d:\Skin\skin\img214.jpg,img214.jpg
d:\Skin\skin\img215.jpg,img215.jpg
d:\Skin\skin\img216.jpg,img216.jpg
d:\Skin\skin\img217.jpg,img217.jpg
d:\Skin\skin\img218.jpg,img218.jpg
d:\Skin\skin\img219.jpg,img219.jpg
d:\Skin\skin\img22.jpg,img22.jpg
d:\Skin\skin\img220.jpg,img220.jpg
d:\Skin\skin\img221.jpg,img221.jpg
d:\Skin\skin\img222.jpg,img222.jpg
d:\Skin\skin\img223.jpg,img223.jpg
d:\Skin\skin\img224.jpg,img224.jpg
d:\Skin\skin\img225.jpg,img225.jpg
d:\Skin\skin\img226.jpg,img226.jpg
d:\Skin\skin\img227.jpg,img227.jpg
d:\Skin\skin\img228.jpg,img228.jpg
d:\Skin\skin\img229.jpg,img229.jpg
d:\Skin\skin\img23.jpg,img23.jpg
d:\Skin\skin\img230.jpg,img230.jpg
d:\Skin\skin\img231.jpg,img231.jpg
d:\Skin\skin\img232.jpg,img232.jpg
d:\Skin\skin\img233.jpg,img233.jpg
d:\Skin\skin\img234.jpg,img234.jpg
d:\Skin\skin\img235.jpg,img235.jpg
d:\Skin\skin\img236.jpg,img236.jpg
d:\Skin\skin\img237.jpg,img237.jpg
d:\Skin\skin\img238.jpg,img238.jpg
d:\Skin\skin\img239.jpg,img239.jpg
d:\Skin\skin\img24.jpg,img24.jpg
d:\Skin\skin\img240.jpg,img240.jpg
d:\Skin\skin\img241.jpg,img241.jpg
d:\Skin\skin\img242.jpg,img242.jpg
d:\Skin\skin\img243.jpg,img243.jpg
d:\Skin\skin\img244.jpg,img244.jpg
d:\Skin\skin\img245.jpg,img245.jpg
d:\Skin\skin\img246.jpg,img246.jpg
d:\Skin\skin\img247.jpg,img247.jpg
d:\Skin\skin\img248.jpg,img248.jpg
d:\Skin\skin\img249.jpg,img249.jpg
d:\Skin\skin\img25.jpg,img25.jpg
d:\Skin\skin\img250.jpg,img250.jpg
d:\Skin\skin\img251.jpg,img251.jpg
d:\Skin\skin\img252.jpg,img252.jpg
d:\Skin\skin\img253.jpg,img253.jpg
d:\Skin\skin\img254.jpg,img254.jpg
d:\Skin\skin\img255.jpg,img255.jpg
d:\Skin\skin\img256.jpg,img256.jpg
d:\Skin\skin\img257.jpg,img257.jpg
d:\Skin\skin\img258.jpg,img258.jpg
d:\Skin\skin\img259.jpg,img259.jpg
d:\Skin\skin\img26.jpg,img26.jpg
d:\Skin\skin\img260.jpg,img260.jpg
d:\Skin\skin\img261.jpg,img261.jpg
d:\Skin\skin\img262.jpg,img262.jpg
d:\Skin\skin\img263.jpg,img263.jpg
d:\Skin\skin\img264.jpg,img264.jpg
d:\Skin\skin\img265.jpg,img265.jpg
d:\Skin\skin\img266.jpg,img266.jpg
d:\Skin\skin\img267.jpg,img267.jpg
d:\Skin\skin\img268.jpg,img268.jpg
d:\Skin\skin\img269.jpg,img269.jpg
d:\Skin\skin\img27.jpg,img27.jpg
d:\Skin\skin\img270.jpg,img270.jpg
d:\Skin\skin\img271.jpg,img271.jpg
d:\Skin\skin\img272.jpg,img272.jpg
d:\Skin\skin\img273.jpg,img273.jpg
d:\Skin\skin\img274.jpg,img274.jpg
d:\Skin\skin\img275.jpg,img275.jpg
d:\Skin\skin\img276.jpg,img276.jpg
d:\Skin\skin\img277.jpg,img277.jpg
d:\Skin\skin\img278.jpg,img278.jpg
d:\Skin\skin\img279.jpg,img279.jpg
d:\Skin\skin\img28.jpg,img28.jpg
d:\Skin\skin\img280.jpg,img280.jpg
d:\Skin\skin\img281.jpg,img281.jpg
d:\Skin\skin\img282.jpg,img282.jpg
d:\Skin\skin\img283.jpg,img283.jpg
d:\Skin\skin\img284.jpg,img284.jpg
d:\Skin\skin\img285.jpg,img285.jpg
d:\Skin\skin\img286.jpg,img286.jpg
d:\Skin\skin\img287.jpg,img287.jpg
d:\Skin\skin\img288.jpg,img288.jpg
d:\Skin\skin\img289.jpg,img289.jpg
d:\Skin\skin\img29.jpg,img29.jpg
d:\Skin\skin\img290.jpg,img290.jpg
d:\Skin\skin\img291.jpg,img291.jpg
d:\Skin\skin\img292.jpg,img292.jpg
d:\Skin\skin\img293.jpg,img293.jpg
d:\Skin\skin\img294.jpg,img294.jpg
d:\Skin\skin\img295.jpg,img295.jpg
d:\Skin\skin\img296.jpg,img296.jpg
d:\Skin\skin\img297.jpg,img297.jpg
d:\Skin\skin\img298.jpg,img298.jpg
d:\Skin\skin\img299.jpg,img299.jpg
d:\Skin\skin\img3.jpg,img3.jpg
d:\Skin\skin\img30.jpg,img30.jpg
d:\Skin\skin\img300.jpg,img300.jpg
d:\Skin\skin\img301.jpg,img301.jpg
d:\Skin\skin\img302.jpg,img302.jpg
d:\Skin\skin\img303.jpg,img303.jpg
d:\Skin\skin\img304.jpg,img304.jpg
d:\Skin\skin\img305.jpg,img305.jpg
d:\Skin\skin\img306.jpg,img306.jpg
d:\Skin\skin\img307.jpg,img307.jpg
d:\Skin\skin\img308.jpg,img308.jpg
d:\Skin\skin\img309.jpg,img309.jpg
d:\Skin\skin\img31.jpg,img31.jpg
d:\Skin\skin\img310.jpg,img310.jpg
d:\Skin\skin\img311.jpg,img311.jpg
d:\Skin\skin\img312.jpg,img312.jpg
d:\Skin\skin\img313.jpg,img313.jpg
d:\Skin\skin\img314.jpg,img314.jpg
d:\Skin\skin\img315.jpg,img315.jpg
d:\Skin\skin\img316.jpg,img316.jpg
d:\Skin\skin\img317.jpg,img317.jpg
d:\Skin\skin\img318.jpg,img318.jpg
d:\Skin\skin\img319.jpg,img319.jpg
d:\Skin\skin\img32.jpg,img32.jpg
d:\Skin\skin\img320.jpg,img320.jpg
d:\Skin\skin\img321.jpg,img321.jpg
d:\Skin\skin\img322.jpg,img322.jpg
d:\Skin\skin\img323.jpg,img323.jpg
d:\Skin\skin\img324.jpg,img324.jpg
d:\Skin\skin\img325.jpg,img325.jpg
d:\Skin\skin\img326.jpg,img326.jpg
d:\Skin\skin\img327.jpg,img327.jpg
d:\Skin\skin\img328.jpg,img328.jpg
d:\Skin\skin\img329.jpg,img329.jpg
d:\Skin\skin\img33.jpg,img33.jpg
d:\Skin\skin\img330.jpg,img330.jpg
d:\Skin\skin\img331.jpg,img331.jpg
d:\Skin\skin\img332.jpg,img332.jpg
d:\Skin\skin\img333.jpg,img333.jpg
d:\Skin\skin\img334.jpg,img334.jpg
d:\Skin\skin\img335.jpg,img335.jpg
d:\Skin\skin\img336.jpg,img336.jpg
d:\Skin\skin\img337.jpg,img337.jpg
d:\Skin\skin\img338.jpg,img338.jpg
d:\Skin\skin\img339.jpg,img339.jpg
d:\Skin\skin\img34.jpg,img34.jpg
d:\Skin\skin\img340.jpg,img340.jpg
d:\Skin\skin\img341.jpg,img341.jpg
d:\Skin\skin\img342.jpg,img342.jpg
d:\Skin\skin\img343.jpg,img343.jpg
d:\Skin\skin\img344.jpg,img344.jpg
d:\Skin\skin\img345.jpg,img345.jpg
d:\Skin\skin\img346.jpg,img346.jpg
d:\Skin\skin\img347.jpg,img347.jpg
d:\Skin\skin\img348.jpg,img348.jpg
d:\Skin\skin\img349.jpg,img349.jpg
d:\Skin\skin\img35.jpg,img35.jpg
d:\Skin\skin\img350.jpg,img350.jpg
d:\Skin\skin\img351.jpg,img351.jpg
d:\Skin\skin\img352.jpg,img352.jpg
d:\Skin\skin\img353.jpg,img353.jpg
d:\Skin\skin\img354.jpg,img354.jpg
d:\Skin\skin\img355.jpg,img355.jpg
d:\Skin\skin\img356.jpg,img356.jpg
d:\Skin\skin\img357.jpg,img357.jpg
d:\Skin\skin\img358.jpg,img358.jpg
d:\Skin\skin\img359.jpg,img359.jpg
d:\Skin\skin\img36.jpg,img36.jpg
d:\Skin\skin\img360.jpg,img360.jpg
d:\Skin\skin\img361.jpg,img361.jpg
d:\Skin\skin\img362.jpg,img362.jpg
d:\Skin\skin\img363.jpg,img363.jpg
d:\Skin\skin\img364.jpg,img364.jpg
d:\Skin\skin\img365.jpg,img365.jpg
d:\Skin\skin\img366.jpg,img366.jpg
d:\Skin\skin\img367.jpg,img367.jpg
d:\Skin\skin\img368.jpg,img368.jpg
d:\Skin\skin\img369.jpg,img369.jpg
d:\Skin\skin\img37.jpg,img37.jpg
d:\Skin\skin\img370.jpg,img370.jpg
d:\Skin\skin\img371.jpg,img371.jpg
d:\Skin\skin\img372.jpg,img372.jpg
d:\Skin\skin\img373.jpg,img373.jpg
d:\Skin\skin\img374.jpg,img374.jpg
d:\Skin\skin\img375.jpg,img375.jpg
d:\Skin\skin\img376.jpg,img376.jpg
d:\Skin\skin\img377.jpg,img377.jpg
d:\Skin\skin\img378.jpg,img378.jpg
d:\Skin\skin\img379.jpg,img379.jpg
d:\Skin\skin\img38.jpg,img38.jpg
d:\Skin\skin\img380.jpg,img380.jpg
d:\Skin\skin\img381.jpg,img381.jpg
d:\Skin\skin\img382.jpg,img382.jpg
d:\Skin\skin\img383.jpg,img383.jpg
d:\Skin\skin\img384.jpg,img384.jpg
d:\Skin\skin\img385.jpg,img385.jpg
d:\Skin\skin\img386.jpg,img386.jpg
d:\Skin\skin\img387.jpg,img387.jpg
d:\Skin\skin\img388.jpg,img388.jpg
d:\Skin\skin\img389.jpg,img389.jpg
d:\Skin\skin\img39.jpg,img39.jpg
d:\Skin\skin\img390.jpg,img390.jpg
d:\Skin\skin\img391.jpg,img391.jpg
d:\Skin\skin\img392.jpg,img392.jpg
d:\Skin\skin\img393.jpg,img393.jpg
d:\Skin\skin\img394.jpg,img394.jpg
d:\Skin\skin\img395.jpg,img395.jpg
d:\Skin\skin\img396.jpg,img396.jpg
d:\Skin\skin\img397.jpg,img397.jpg
d:\Skin\skin\img398.jpg,img398.jpg
d:\Skin\skin\img399.jpg,img399.jpg
d:\Skin\skin\img4.jpg,img4.jpg
d:\Skin\skin\img40.jpg,img40.jpg
d:\Skin\skin\img400.jpg,img400.jpg
d:\Skin\skin\img401.jpg,img401.jpg
d:\Skin\skin\img402.jpg,img402.jpg
d:\Skin\skin\img403.jpg,img403.jpg
d:\Skin\skin\img404.jpg,img404.jpg
d:\Skin\skin\img405.jpg,img405.jpg
d:\Skin\skin\img406.jpg,img406.jpg
d:\Skin\skin\img407.jpg,img407.jpg
d:\Skin\skin\img408.jpg,img408.jpg
d:\Skin\skin\img409.jpg,img409.jpg
d:\Skin\skin\img41.jpg,img41.jpg
d:\Skin\skin\img410.jpg,img410.jpg
d:\Skin\skin\img411.jpg,img411.jpg
d:\Skin\skin\img412.jpg,img412.jpg
d:\Skin\skin\img413.jpg,img413.jpg
d:\Skin\skin\img414.jpg,img414.jpg
d:\Skin\skin\img415.jpg,img415.jpg
d:\Skin\skin\img416.jpg,img416.jpg
d:\Skin\skin\img417.jpg,img417.jpg
d:\Skin\skin\img418.jpg,img418.jpg
d:\Skin\skin\img419.jpg,img419.jpg
d:\Skin\skin\img42.jpg,img42.jpg
d:\Skin\skin\img420.jpg,img420.jpg
d:\Skin\skin\img421.jpg,img421.jpg
d:\Skin\skin\img422.jpg,img422.jpg
d:\Skin\skin\img423.jpg,img423.jpg
d:\Skin\skin\img424.jpg,img424.jpg
d:\Skin\skin\img425.jpg,img425.jpg
d:\Skin\skin\img426.jpg,img426.jpg
d:\Skin\skin\img427.jpg,img427.jpg
d:\Skin\skin\img428.jpg,img428.jpg
d:\Skin\skin\img429.jpg,img429.jpg
d:\Skin\skin\img43.jpg,img43.jpg
d:\Skin\skin\img430.jpg,img430.jpg
d:\Skin\skin\img431.jpg,img431.jpg
d:\Skin\skin\img432.jpg,img432.jpg
d:\Skin\skin\img433.jpg,img433.jpg
d:\Skin\skin\img434.jpg,img434.jpg
d:\Skin\skin\img435.jpg,img435.jpg
d:\Skin\skin\img436.jpg,img436.jpg
d:\Skin\skin\img437.jpg,img437.jpg
d:\Skin\skin\img438.jpg,img438.jpg
d:\Skin\skin\img439.jpg,img439.jpg
d:\Skin\skin\img44.jpg,img44.jpg
d:\Skin\skin\img440.jpg,img440.jpg
d:\Skin\skin\img441.jpg,img441.jpg
d:\Skin\skin\img442.jpg,img442.jpg
d:\Skin\skin\img443.jpg,img443.jpg
d:\Skin\skin\img444.jpg,img444.jpg
d:\Skin\skin\img445.jpg,img445.jpg
d:\Skin\skin\img446.jpg,img446.jpg
d:\Skin\skin\img447.jpg,img447.jpg
d:\Skin\skin\img448.jpg,img448.jpg
d:\Skin\skin\img449.jpg,img449.jpg
d:\Skin\skin\img45.jpg,img45.jpg
d:\Skin\skin\img450.jpg,img450.jpg
d:\Skin\skin\img451.jpg,img451.jpg
d:\Skin\skin\img452.jpg,img452.jpg
d:\Skin\skin\img453.jpg,img453.jpg
d:\Skin\skin\img454.jpg,img454.jpg
d:\Skin\skin\img455.jpg,img455.jpg
d:\Skin\skin\img456.jpg,img456.jpg
d:\Skin\skin\img457.jpg,img457.jpg
d:\Skin\skin\img458.jpg,img458.jpg
d:\Skin\skin\img459.jpg,img459.jpg
d:\Skin\skin\img46.jpg,img46.jpg
d:\Skin\skin\img460.jpg,img460.jpg
d:\Skin\skin\img461.jpg,img461.jpg
d:\Skin\skin\img462.jpg,img462.jpg
d:\Skin\skin\img463.jpg,img463.jpg
d:\Skin\skin\img464.jpg,img464.jpg
d:\Skin\skin\img465.jpg,img465.jpg
d:\Skin\skin\img466.jpg,img466.jpg
d:\Skin\skin\img467.jpg,img467.jpg
d:\Skin\skin\img468.jpg,img468.jpg
d:\Skin\skin\img469.jpg,img469.jpg
d:\Skin\skin\img47.jpg,img47.jpg
d:\Skin\skin\img470.jpg,img470.jpg
d:\Skin\skin\img471.jpg,img471.jpg
d:\Skin\skin\img472.jpg,img472.jpg
d:\Skin\skin\img473.jpg,img473.jpg
d:\Skin\skin\img474.jpg,img474.jpg
d:\Skin\skin\img475.jpg,img475.jpg
d:\Skin\skin\img476.jpg,img476.jpg
d:\Skin\skin\img477.jpg,img477.jpg
d:\Skin\skin\img478.jpg,img478.jpg
d:\Skin\skin\img479.jpg,img479.jpg
d:\Skin\skin\img48.jpg,img48.jpg
d:\Skin\skin\img480.jpg,img480.jpg
d:\Skin\skin\img481.jpg,img481.jpg
d:\Skin\skin\img482.jpg,img482.jpg
d:\Skin\skin\img483.jpg,img483.jpg
d:\Skin\skin\img484.jpg,img484.jpg
d:\Skin\skin\img485.jpg,img485.jpg
d:\Skin\skin\img486.jpg,img486.jpg
d:\Skin\skin\img487.jpg,img487.jpg
d:\Skin\skin\img488.jpg,img488.jpg
d:\Skin\skin\img489.jpg,img489.jpg
d:\Skin\skin\img49.jpg,img49.jpg
d:\Skin\skin\img490.jpg,img490.jpg
d:\Skin\skin\img491.jpg,img491.jpg
d:\Skin\skin\img492.jpg,img492.jpg
d:\Skin\skin\img493.jpg,img493.jpg
d:\Skin\skin\img494.jpg,img494.jpg
d:\Skin\skin\img495.jpg,img495.jpg
d:\Skin\skin\img496.jpg,img496.jpg
d:\Skin\skin\img497.jpg,img497.jpg
d:\Skin\skin\img498.jpg,img498.jpg
d:\Skin\skin\img499.jpg,img499.jpg
d:\Skin\skin\img5.jpg,img5.jpg
d:\Skin\skin\img50.jpg,img50.jpg
d:\Skin\skin\img500.jpg,img500.jpg
d:\Skin\skin\img501.jpg,img501.jpg
d:\Skin\skin\img502.jpg,img502.jpg
d:\Skin\skin\img503.jpg,img503.jpg
d:\Skin\skin\img504.jpg,img504.jpg
d:\Skin\skin\img505.jpg,img505.jpg
d:\Skin\skin\img506.jpg,img506.jpg
d:\Skin\skin\img507.jpg,img507.jpg
d:\Skin\skin\img508.jpg,img508.jpg
d:\Skin\skin\img509.jpg,img509.jpg
d:\Skin\skin\img51.jpg,img51.jpg
d:\Skin\skin\img510.jpg,img510.jpg
d:\Skin\skin\img511.jpg,img511.jpg
d:\Skin\skin\img512.jpg,img512.jpg
d:\Skin\skin\img513.jpg,img513.jpg
d:\Skin\skin\img514.jpg,img514.jpg
d:\Skin\skin\img515.jpg,img515.jpg
d:\Skin\skin\img516.jpg,img516.jpg
d:\Skin\skin\img517.jpg,img517.jpg
d:\Skin\skin\img518.jpg,img518.jpg
d:\Skin\skin\img519.jpg,img519.jpg
d:\Skin\skin\img52.jpg,img52.jpg
d:\Skin\skin\img520.jpg,img520.jpg
d:\Skin\skin\img521.jpg,img521.jpg
d:\Skin\skin\img522.jpg,img522.jpg
d:\Skin\skin\img523.jpg,img523.jpg
d:\Skin\skin\img524.jpg,img524.jpg
d:\Skin\skin\img525.jpg,img525.jpg
d:\Skin\skin\img526.jpg,img526.jpg
d:\Skin\skin\img527.jpg,img527.jpg
d:\Skin\skin\img528.jpg,img528.jpg
d:\Skin\skin\img529.jpg,img529.jpg
d:\Skin\skin\img53.jpg,img53.jpg
d:\Skin\skin\img530.jpg,img530.jpg
d:\Skin\skin\img531.jpg,img531.jpg
d:\Skin\skin\img532.jpg,img532.jpg
d:\Skin\skin\img533.jpg,img533.jpg
d:\Skin\skin\img534.jpg,img534.jpg
d:\Skin\skin\img535.jpg,img535.jpg
d:\Skin\skin\img536.jpg,img536.jpg
d:\Skin\skin\img537.jpg,img537.jpg
d:\Skin\skin\img538.jpg,img538.jpg
d:\Skin\skin\img539.jpg,img539.jpg
d:\Skin\skin\img54.jpg,img54.jpg
d:\Skin\skin\img540.jpg,img540.jpg
d:\Skin\skin\img541.jpg,img541.jpg
d:\Skin\skin\img542.jpg,img542.jpg
d:\Skin\skin\img543.jpg,img543.jpg
d:\Skin\skin\img544.jpg,img544.jpg
d:\Skin\skin\img545.jpg,img545.jpg
d:\Skin\skin\img546.jpg,img546.jpg
d:\Skin\skin\img547.jpg,img547.jpg
d:\Skin\skin\img548.jpg,img548.jpg
d:\Skin\skin\img549.jpg,img549.jpg
d:\Skin\skin\img55.jpg,img55.jpg
d:\Skin\skin\img550.jpg,img550.jpg
d:\Skin\skin\img551.jpg,img551.jpg
d:\Skin\skin\img552.jpg,img552.jpg
d:\Skin\skin\img553.jpg,img553.jpg
d:\Skin\skin\img554.jpg,img554.jpg
d:\Skin\skin\img555.jpg,img555.jpg
d:\Skin\skin\img556.jpg,img556.jpg
d:\Skin\skin\img557.jpg,img557.jpg
d:\Skin\skin\img558.jpg,img558.jpg
d:\Skin\skin\img559.jpg,img559.jpg
d:\Skin\skin\img56.jpg,img56.jpg
d:\Skin\skin\img560.jpg,img560.jpg
d:\Skin\skin\img561.jpg,img561.jpg
d:\Skin\skin\img562.jpg,img562.jpg
d:\Skin\skin\img563.jpg,img563.jpg
d:\Skin\skin\img564.jpg,img564.jpg
d:\Skin\skin\img565.jpg,img565.jpg
d:\Skin\skin\img566.jpg,img566.jpg
d:\Skin\skin\img567.jpg,img567.jpg
d:\Skin\skin\img568.jpg,img568.jpg
d:\Skin\skin\img569.jpg,img569.jpg
d:\Skin\skin\img57.jpg,img57.jpg
d:\Skin\skin\img570.jpg,img570.jpg
d:\Skin\skin\img571.jpg,img571.jpg
d:\Skin\skin\img572.jpg,img572.jpg
d:\Skin\skin\img573.jpg,img573.jpg
d:\Skin\skin\img574.jpg,img574.jpg
d:\Skin\skin\img575.jpg,img575.jpg
d:\Skin\skin\img576.jpg,img576.jpg
d:\Skin\skin\img577.jpg,img577.jpg
d:\Skin\skin\img578.jpg,img578.jpg
d:\Skin\skin\img579.jpg,img579.jpg
d:\Skin\skin\img58.jpg,img58.jpg
d:\Skin\skin\img580.jpg,img580.jpg
d:\Skin\skin\img581.jpg,img581.jpg
d:\Skin\skin\img582.jpg,img582.jpg
d:\Skin\skin\img583.jpg,img583.jpg
d:\Skin\skin\img584.jpg,img584.jpg
d:\Skin\skin\img585.jpg,img585.jpg
d:\Skin\skin\img586.jpg,img586.jpg
d:\Skin\skin\img587.jpg,img587.jpg
d:\Skin\skin\img588.jpg,img588.jpg
d:\Skin\skin\img589.jpg,img589.jpg
d:\Skin\skin\img59.jpg,img59.jpg
d:\Skin\skin\img590.jpg,img590.jpg
d:\Skin\skin\img591.jpg,img591.jpg
d:\Skin\skin\img592.jpg,img592.jpg
d:\Skin\skin\img593.jpg,img593.jpg
d:\Skin\skin\img594.jpg,img594.jpg
d:\Skin\skin\img595.jpg,img595.jpg
d:\Skin\skin\img596.jpg,img596.jpg
d:\Skin\skin\img597.jpg,img597.jpg
d:\Skin\skin\img598.jpg,img598.jpg
d:\Skin\skin\img599.jpg,img599.jpg
d:\Skin\skin\img6.jpg,img6.jpg
d:\Skin\skin\img60.jpg,img60.jpg
d:\Skin\skin\img600.jpg,img600.jpg
d:\Skin\skin\img601.jpg,img601.jpg
d:\Skin\skin\img602.jpg,img602.jpg
d:\Skin\skin\img603.jpg,img603.jpg
d:\Skin\skin\img604.jpg,img604.jpg
d:\Skin\skin\img605.jpg,img605.jpg
d:\Skin\skin\img606.jpg,img606.jpg
d:\Skin\skin\img607.jpg,img607.jpg
d:\Skin\skin\img608.jpg,img608.jpg
d:\Skin\skin\img609.jpg,img609.jpg
d:\Skin\skin\img61.jpg,img61.jpg
d:\Skin\skin\img610.jpg,img610.jpg
d:\Skin\skin\img611.jpg,img611.jpg
d:\Skin\skin\img612.jpg,img612.jpg
d:\Skin\skin\img613.jpg,img613.jpg
d:\Skin\skin\img614.jpg,img614.jpg
d:\Skin\skin\img615.jpg,img615.jpg
d:\Skin\skin\img616.jpg,img616.jpg
d:\Skin\skin\img617.jpg,img617.jpg
d:\Skin\skin\img618.jpg,img618.jpg
d:\Skin\skin\img619.jpg,img619.jpg
d:\Skin\skin\img62.jpg,img62.jpg
d:\Skin\skin\img620.jpg,img620.jpg
d:\Skin\skin\img621.jpg,img621.jpg
d:\Skin\skin\img622.jpg,img622.jpg
d:\Skin\skin\img623.jpg,img623.jpg
d:\Skin\skin\img624.jpg,img624.jpg
d:\Skin\skin\img625.jpg,img625.jpg
d:\Skin\skin\img626.jpg,img626.jpg
d:\Skin\skin\img627.jpg,img627.jpg
d:\Skin\skin\img628.jpg,img628.jpg
d:\Skin\skin\img629.jpg,img629.jpg
d:\Skin\skin\img63.jpg,img63.jpg
d:\Skin\skin\img630.jpg,img630.jpg
d:\Skin\skin\img631.jpg,img631.jpg
d:\Skin\skin\img632.jpg,img632.jpg
d:\Skin\skin\img633.jpg,img633.jpg
d:\Skin\skin\img634.jpg,img634.jpg
d:\Skin\skin\img635.jpg,img635.jpg
d:\Skin\skin\img636.jpg,img636.jpg
d:\Skin\skin\img637.jpg,img637.jpg
d:\Skin\skin\img638.jpg,img638.jpg
d:\Skin\skin\img639.jpg,img639.jpg
d:\Skin\skin\img64.jpg,img64.jpg
d:\Skin\skin\img640.jpg,img640.jpg
d:\Skin\skin\img641.jpg,img641.jpg
d:\Skin\skin\img642.jpg,img642.jpg
d:\Skin\skin\img643.jpg,img643.jpg
d:\Skin\skin\img644.jpg,img644.jpg
d:\Skin\skin\img645.jpg,img645.jpg
d:\Skin\skin\img646.jpg,img646.jpg
d:\Skin\skin\img647.jpg,img647.jpg
d:\Skin\skin\img648.jpg,img648.jpg
d:\Skin\skin\img649.jpg,img649.jpg
d:\Skin\skin\img65.jpg,img65.jpg
d:\Skin\skin\img650.jpg,img650.jpg
d:\Skin\skin\img651.jpg,img651.jpg
d:\Skin\skin\img652.jpg,img652.jpg
d:\Skin\skin\img653.jpg,img653.jpg
d:\Skin\skin\img654.jpg,img654.jpg
d:\Skin\skin\img655.jpg,img655.jpg
d:\Skin\skin\img656.jpg,img656.jpg
d:\Skin\skin\img657.jpg,img657.jpg
d:\Skin\skin\img658.jpg,img658.jpg
d:\Skin\skin\img659.jpg,img659.jpg
d:\Skin\skin\img66.jpg,img66.jpg
d:\Skin\skin\img660.jpg,img660.jpg
d:\Skin\skin\img661.jpg,img661.jpg
d:\Skin\skin\img662.jpg,img662.jpg
d:\Skin\skin\img663.jpg,img663.jpg
d:\Skin\skin\img664.jpg,img664.jpg
d:\Skin\skin\img665.jpg,img665.jpg
d:\Skin\skin\img666.jpg,img666.jpg
d:\Skin\skin\img667.jpg,img667.jpg
d:\Skin\skin\img668.jpg,img668.jpg
d:\Skin\skin\img669.jpg,img669.jpg
d:\Skin\skin\img67.jpg,img67.jpg
d:\Skin\skin\img670.jpg,img670.jpg
d:\Skin\skin\img671.jpg,img671.jpg
d:\Skin\skin\img672.jpg,img672.jpg
d:\Skin\skin\img673.jpg,img673.jpg
d:\Skin\skin\img674.jpg,img674.jpg
d:\Skin\skin\img675.jpg,img675.jpg
d:\Skin\skin\img676.jpg,img676.jpg
d:\Skin\skin\img677.jpg,img677.jpg
d:\Skin\skin\img678.jpg,img678.jpg
d:\Skin\skin\img679.jpg,img679.jpg
d:\Skin\skin\img68.jpg,img68.jpg
d:\Skin\skin\img680.jpg,img680.jpg
d:\Skin\skin\img681.jpg,img681.jpg
d:\Skin\skin\img682.jpg,img682.jpg
d:\Skin\skin\img683.jpg,img683.jpg
d:\Skin\skin\img684.jpg,img684.jpg
d:\Skin\skin\img685.jpg,img685.jpg
d:\Skin\skin\img686.jpg,img686.jpg
d:\Skin\skin\img687.jpg,img687.jpg
d:\Skin\skin\img688.jpg,img688.jpg
d:\Skin\skin\img689.jpg,img689.jpg
d:\Skin\skin\img69.jpg,img69.jpg
d:\Skin\skin\img690.jpg,img690.jpg
d:\Skin\skin\img691.jpg,img691.jpg
d:\Skin\skin\img692.jpg,img692.jpg
d:\Skin\skin\img693.jpg,img693.jpg
d:\Skin\skin\img694.jpg,img694.jpg
d:\Skin\skin\img695.jpg,img695.jpg
d:\Skin\skin\img696.jpg,img696.jpg
d:\Skin\skin\img697.jpg,img697.jpg
d:\Skin\skin\img698.jpg,img698.jpg
d:\Skin\skin\img699.jpg,img699.jpg
d:\Skin\skin\img7.jpg,img7.jpg
d:\Skin\skin\img70.jpg,img70.jpg
d:\Skin\skin\img700.jpg,img700.jpg
d:\Skin\skin\img701.jpg,img701.jpg
d:\Skin\skin\img702.jpg,img702.jpg
d:\Skin\skin\img703.jpg,img703.jpg
d:\Skin\skin\img704.jpg,img704.jpg
d:\Skin\skin\img705.jpg,img705.jpg
d:\Skin\skin\img706.jpg,img706.jpg
d:\Skin\skin\img707.jpg,img707.jpg
d:\Skin\skin\img708.jpg,img708.jpg
d:\Skin\skin\img709.jpg,img709.jpg
d:\Skin\skin\img71.jpg,img71.jpg
d:\Skin\skin\img710.jpg,img710.jpg
d:\Skin\skin\img711.jpg,img711.jpg
d:\Skin\skin\img712.jpg,img712.jpg
d:\Skin\skin\img713.jpg,img713.jpg
d:\Skin\skin\img714.jpg,img714.jpg
d:\Skin\skin\img715.jpg,img715.jpg
d:\Skin\skin\img716.jpg,img716.jpg
d:\Skin\skin\img717.jpg,img717.jpg
d:\Skin\skin\img718.jpg,img718.jpg
d:\Skin\skin\img719.jpg,img719.jpg
d:\Skin\skin\img72.jpg,img72.jpg
d:\Skin\skin\img720.jpg,img720.jpg
d:\Skin\skin\img721.jpg,img721.jpg
d:\Skin\skin\img724.jpg,img724.jpg
d:\Skin\skin\img725.jpg,img725.jpg
d:\Skin\skin\img727.jpg,img727.jpg
d:\Skin\skin\img729.jpg,img729.jpg
d:\Skin\skin\img73.jpg,img73.jpg
d:\Skin\skin\img730.jpg,img730.jpg
d:\Skin\skin\img733.jpg,img733.jpg
d:\Skin\skin\img734.jpg,img734.jpg
d:\Skin\skin\img735.jpg,img735.jpg
d:\Skin\skin\img737.jpg,img737.jpg
d:\Skin\skin\img738.jpg,img738.jpg
d:\Skin\skin\img739.jpg,img739.jpg
d:\Skin\skin\img74.jpg,img74.jpg
d:\Skin\skin\img741.jpg,img741.jpg
d:\Skin\skin\img745.jpg,img745.jpg
d:\Skin\skin\img746.jpg,img746.jpg
d:\Skin\skin\img748.jpg,img748.jpg
d:\Skin\skin\img749.jpg,img749.jpg
d:\Skin\skin\img75.jpg,img75.jpg
d:\Skin\skin\img750.jpg,img750.jpg
d:\Skin\skin\img751.jpg,img751.jpg
d:\Skin\skin\img752.jpg,img752.jpg
d:\Skin\skin\img753.jpg,img753.jpg
d:\Skin\skin\img757.jpg,img757.jpg
d:\Skin\skin\img758.jpg,img758.jpg
d:\Skin\skin\img76.jpg,img76.jpg
d:\Skin\skin\img760.jpg,img760.jpg
d:\Skin\skin\img762.jpg,img762.jpg
d:\Skin\skin\img763.jpg,img763.jpg
d:\Skin\skin\img764.jpg,img764.jpg
d:\Skin\skin\img765.jpg,img765.jpg
d:\Skin\skin\img767.jpg,img767.jpg
d:\Skin\skin\img769.jpg,img769.jpg
d:\Skin\skin\img77.jpg,img77.jpg
d:\Skin\skin\img770.jpg,img770.jpg
d:\Skin\skin\img771.jpg,img771.jpg
d:\Skin\skin\img772.jpg,img772.jpg
d:\Skin\skin\img773.jpg,img773.jpg
d:\Skin\skin\img774.jpg,img774.jpg
d:\Skin\skin\img775.jpg,img775.jpg
d:\Skin\skin\img777.jpg,img777.jpg
d:\Skin\skin\img778.jpg,img778.jpg
d:\Skin\skin\img78.jpg,img78.jpg
d:\Skin\skin\img780.jpg,img780.jpg
d:\Skin\skin\img781.jpg,img781.jpg
d:\Skin\skin\img782.jpg,img782.jpg
d:\Skin\skin\img783.jpg,img783.jpg
d:\Skin\skin\img784.jpg,img784.jpg
d:\Skin\skin\img785.jpg,img785.jpg
d:\Skin\skin\img786.jpg,img786.jpg
d:\Skin\skin\img79.jpg,img79.jpg
d:\Skin\skin\img790.jpg,img790.jpg
d:\Skin\skin\img791.jpg,img791.jpg
d:\Skin\skin\img792.jpg,img792.jpg
d:\Skin\skin\img794.jpg,img794.jpg
d:\Skin\skin\img795.jpg,img795.jpg
d:\Skin\skin\img796.jpg,img796.jpg
d:\Skin\skin\img798.jpg,img798.jpg
d:\Skin\skin\img799.jpg,img799.jpg
d:\Skin\skin\img8.jpg,img8.jpg
d:\Skin\skin\img80.jpg,img80.jpg
d:\Skin\skin\img802.jpg,img802.jpg
d:\Skin\skin\img803.jpg,img803.jpg
d:\Skin\skin\img804.jpg,img804.jpg
d:\Skin\skin\img805.jpg,img805.jpg
d:\Skin\skin\img806.jpg,img806.jpg
d:\Skin\skin\img808.jpg,img808.jpg
d:\Skin\skin\img809.jpg,img809.jpg
d:\Skin\skin\img81.jpg,img81.jpg
d:\Skin\skin\img810.jpg,img810.jpg
d:\Skin\skin\img811.jpg,img811.jpg
d:\Skin\skin\img815.jpg,img815.jpg
d:\Skin\skin\img816.jpg,img816.jpg
d:\Skin\skin\img817.jpg,img817.jpg
d:\Skin\skin\img818.jpg,img818.jpg
d:\Skin\skin\img819.jpg,img819.jpg
d:\Skin\skin\img82.jpg,img82.jpg
d:\Skin\skin\img820.jpg,img820.jpg
d:\Skin\skin\img821.jpg,img821.jpg
d:\Skin\skin\img822.jpg,img822.jpg
d:\Skin\skin\img824.jpg,img824.jpg
d:\Skin\skin\img825.jpg,img825.jpg
d:\Skin\skin\img827.jpg,img827.jpg
d:\Skin\skin\img828.jpg,img828.jpg
d:\Skin\skin\img829.jpg,img829.jpg
d:\Skin\skin\img83.jpg,img83.jpg
d:\Skin\skin\img830.jpg,img830.jpg
d:\Skin\skin\img831.jpg,img831.jpg
d:\Skin\skin\img832.jpg,img832.jpg
d:\Skin\skin\img833.jpg,img833.jpg
d:\Skin\skin\img834.jpg,img834.jpg
d:\Skin\skin\img837.jpg,img837.jpg
d:\Skin\skin\img838.jpg,img838.jpg
d:\Skin\skin\img839.jpg,img839.jpg
d:\Skin\skin\img84.jpg,img84.jpg
d:\Skin\skin\img841.jpg,img841.jpg
d:\Skin\skin\img843.jpg,img843.jpg
d:\Skin\skin\img844.jpg,img844.jpg
d:\Skin\skin\img845.jpg,img845.jpg
d:\Skin\skin\img846.jpg,img846.jpg
d:\Skin\skin\img847.jpg,img847.jpg
d:\Skin\skin\img848.jpg,img848.jpg
d:\Skin\skin\img849.jpg,img849.jpg
d:\Skin\skin\img85.jpg,img85.jpg
d:\Skin\skin\img850.jpg,img850.jpg
d:\Skin\skin\img851.jpg,img851.jpg
d:\Skin\skin\img852.jpg,img852.jpg
d:\Skin\skin\img853.jpg,img853.jpg
d:\Skin\skin\img854.jpg,img854.jpg
d:\Skin\skin\img855.jpg,img855.jpg
d:\Skin\skin\img856.jpg,img856.jpg
d:\Skin\skin\img857.jpg,img857.jpg
d:\Skin\skin\img859.jpg,img859.jpg
d:\Skin\skin\img86.jpg,img86.jpg
d:\Skin\skin\img861.jpg,img861.jpg
d:\Skin\skin\img862.jpg,img862.jpg
d:\Skin\skin\img864.jpg,img864.jpg
d:\Skin\skin\img865.jpg,img865.jpg
d:\Skin\skin\img867.jpg,img867.jpg
d:\Skin\skin\img868.jpg,img868.jpg
d:\Skin\skin\img869.jpg,img869.jpg
d:\Skin\skin\img87.jpg,img87.jpg
d:\Skin\skin\img871.jpg,img871.jpg
d:\Skin\skin\img872.jpg,img872.jpg
d:\Skin\skin\img873.jpg,img873.jpg
d:\Skin\skin\img878.jpg,img878.jpg
d:\Skin\skin\img879.jpg,img879.jpg
d:\Skin\skin\img88.jpg,img88.jpg
d:\Skin\skin\img882.jpg,img882.jpg
d:\Skin\skin\img883.jpg,img883.jpg
d:\Skin\skin\img884.jpg,img884.jpg
d:\Skin\skin\img885.jpg,img885.jpg
d:\Skin\skin\img886.jpg,img886.jpg
d:\Skin\skin\img887.jpg,img887.jpg
d:\Skin\skin\img888.jpg,img888.jpg
d:\Skin\skin\img889.jpg,img889.jpg
d:\Skin\skin\img89.jpg,img89.jpg
d:\Skin\skin\img890.jpg,img890.jpg
d:\Skin\skin\img891.jpg,img891.jpg
d:\Skin\skin\img892.jpg,img892.jpg
d:\Skin\skin\img895.jpg,img895.jpg
d:\Skin\skin\img899.jpg,img899.jpg
d:\Skin\skin\img9.jpg,img9.jpg
d:\Skin\skin\img90.jpg,img90.jpg
d:\Skin\skin\img900.jpg,img900.jpg
d:\Skin\skin\img901.jpg,img901.jpg
d:\Skin\skin\img903.jpg,img903.jpg
d:\Skin\skin\img904.jpg,img904.jpg
d:\Skin\skin\img905.jpg,img905.jpg
d:\Skin\skin\img907.jpg,img907.jpg
d:\Skin\skin\img908.jpg,img908.jpg
d:\Skin\skin\img909.jpg,img909.jpg
d:\Skin\skin\img91.jpg,img91.jpg
d:\Skin\skin\img910.jpg,img910.jpg
d:\Skin\skin\img911.jpg,img911.jpg
d:\Skin\skin\img914.jpg,img914.jpg
d:\Skin\skin\img916.jpg,img916.jpg
d:\Skin\skin\img917.jpg,img917.jpg
d:\Skin\skin\img918.jpg,img918.jpg
d:\Skin\skin\img919.jpg,img919.jpg
d:\Skin\skin\img92.jpg,img92.jpg
d:\Skin\skin\img920.jpg,img920.jpg
d:\Skin\skin\img921.jpg,img921.jpg
d:\Skin\skin\img922.jpg,img922.jpg
d:\Skin\skin\img923.jpg,img923.jpg
d:\Skin\skin\img924.jpg,img924.jpg
d:\Skin\skin\img928.jpg,img928.jpg
d:\Skin\skin\img93.jpg,img93.jpg
d:\Skin\skin\img930.jpg,img930.jpg
d:\Skin\skin\img931.jpg,img931.jpg
d:\Skin\skin\img932.jpg,img932.jpg
d:\Skin\skin\img933.jpg,img933.jpg
d:\Skin\skin\img934.jpg,img934.jpg
d:\Skin\skin\img936.jpg,img936.jpg
d:\Skin\skin\img937.jpg,img937.jpg
d:\Skin\skin\img938.jpg,img938.jpg
d:\Skin\skin\img94.jpg,img94.jpg
d:\Skin\skin\img942.jpg,img942.jpg
d:\Skin\skin\img943.jpg,img943.jpg
d:\Skin\skin\img945.jpg,img945.jpg
d:\Skin\skin\img947.jpg,img947.jpg
d:\Skin\skin\img948.jpg,img948.jpg
d:\Skin\skin\img949.jpg,img949.jpg
d:\Skin\skin\img95.jpg,img95.jpg
d:\Skin\skin\img950.jpg,img950.jpg
d:\Skin\skin\img952.jpg,img952.jpg
d:\Skin\skin\img953.jpg,img953.jpg
d:\Skin\skin\img955.jpg,img955.jpg
d:\Skin\skin\img957.jpg,img957.jpg
d:\Skin\skin\img958.jpg,img958.jpg
d:\Skin\skin\img96.jpg,img96.jpg
d:\Skin\skin\img960.jpg,img960.jpg
d:\Skin\skin\img961.jpg,img961.jpg
d:\Skin\skin\img967.jpg,img967.jpg
d:\Skin\skin\img968.jpg,img968.jpg
d:\Skin\skin\img969.jpg,img969.jpg
d:\Skin\skin\img97.jpg,img97.jpg
d:\Skin\skin\img971.jpg,img971.jpg
d:\Skin\skin\img972.jpg,img972.jpg
d:\Skin\skin\img973.jpg,img973.jpg
d:\Skin\skin\img974.jpg,img974.jpg
d:\Skin\skin\img975.jpg,img975.jpg
d:\Skin\skin\img977.jpg,img977.jpg
d:\Skin\skin\img978.jpg,img978.jpg
d:\Skin\skin\img98.jpg,img98.jpg
d:\Skin\skin\img980.jpg,img980.jpg
d:\Skin\skin\img981.jpg,img981.jpg
d:\Skin\skin\img983.jpg,img983.jpg
d:\Skin\skin\img985.jpg,img985.jpg
d:\Skin\skin\img986.jpg,img986.jpg
d:\Skin\skin\img987.jpg,img987.jpg
d:\Skin\skin\img988.jpg,img988.jpg
d:\Skin\skin\img99.jpg,img99.jpg
d:\Skin\skin\img990.jpg,img990.jpg
d:\Skin\skin\img991.jpg,img991.jpg
d:\Skin\skin\img992.jpg,img992.jpg
d:\Skin\skin\img993.jpg,img993.jpg
d:\Skin\skin\img998.jpg,img998.jpg
d:\Skin\skin\img999.jpg,img999.jpg
d:\Skin\skin\unnamed (1).png,unnamed (1).png
d:\Skin\skin\unnamed (10).png,unnamed (10).png
d:\Skin\skin\unnamed (11).png,unnamed (11).png
d:\Skin\skin\unnamed (2).png,unnamed (2).png
d:\Skin\skin\unnamed (3).png,unnamed (3).png
d:\Skin\skin\unnamed (4).png,unnamed (4).png
d:\Skin\skin\unnamed (5).png,unnamed (5).png
d:\Skin\skin\unnamed (6).png,unnamed (6).png
d:\Skin\skin\unnamed (7).png,unnamed (7).png
d:\Skin\skin\unnamed (8).png,unnamed (8).png
d:\Skin\skin\unnamed (9).png,unnamed (9).png
